Category,Sub-Category,Element,,,
Final Course Name,SSC 27 বোর্ড পরীক্ষা প্রস্তুতি ,,,,
Meta Title,Bangla,SSC 27 বোর্ড পরীক্ষা প্রস্তুতি [বিজ্ঞান বিভাগ],,,
,English,SSC 27 Board Exam Preparation - Science Group,,,
Meta Description,Bangla,"SSC 27 বিজ্ঞান বিভাগের পুরো বোর্ড প্রস্তুতি নাও লাইভ ক্লাস, মাস্টারবুক, ডেইলি MCQ, মাসিক CQ এক্সাম ও ২৪/৭ AI Doubt Solver-এ, এখনই ভর্তি হও SSC 27 বোর্ড পরীক্ষা প্রস্তুতি কোর্সে।",,,
,English,"Ace SSC 27 Science with live classes, masterbook, daily MCQ, monthly CQ exams & 24/7 AI Doubt Solver. Enroll now in SSC 27 Board Exam Preparation Course!",,,
Image Renaming,Thumbnail,ssc-27-board-exam-preparation-thumbnailssc-27-board-exam-preparation-thumbnail,,,
,Sqr. Thumbnail,ssc-27-board-exam-preparation-sqr-thumbnail,,,
Image Alt Text,Thumbnail alt text,SSC 27 বোর্ড পরীক্ষা প্রস্তুতি [বিজ্ঞান বিভাগ] | SSC 2027 Board Exam Preparation- thumbnail,,,
,Sqr. Thumbnail,"SSC 2027 বোর্ড পরীক্ষা প্রস্তুতি [বিজ্ঞান বিভাগ] | SSC 27 Board Exam Preparation- sqr thumbnail
",,,
Og: Title,,SSC 27 বোর্ড পরীক্ষা প্রস্তুতি [বিজ্ঞান বিভাগ],,,
Og: description,,"লাইভ ক্লাস, মাস্টারবুক, ডেইলি MCQ, মাসিক CQ এক্সাম ও ২৪/৭ AI Doubt Solver-এ SSC 27 বিজ্ঞানের প্রস্তুতি নাও। এখনই ভর্তি হও SSC 27 বোর্ড পরীক্ষা প্রস্তুতি কোর্সে।!",,,
,,,,,
,,,,,
,,,,,
Final Course Name,"SSC 27 শেষ মুহূর্তের প্রস্তুতি BEIM কোর্স [বাংলা,  ইংরেজি, গণিত, আইসিটি]",,,,
Url Suggestion,ssc-27-final-preparation -course-beim,,,,
Meta Title,Bangla,,,,
,English,,,,
Meta Description,Bangla,,,,
,English,,,,
Image Renaming,Thumbnail,ssc-27-final-preparation -course-beim-thumbnail,,,
,Sqr. Thumbnail,ssc-27-final-preparation -course-beim-sqr-thumbnail,,,
Image Alt Text,Thumbnail alt text,,,,
,Sqr. Thumbnail,,,,
Og: Title,,,,,
Og: description,,,,,
,,,,,
,,,,,
Final Course Name,SSC 2028 [বিজ্ঞান বিভাগ] রেকর্ডেড ব্যাচ ২০২৬,,,,
Url Suggestion,,ssc-28-science-recorded-batch,,,
Meta Title,Bangla,SSC 2028 Science Recorded Batch - এসএসসি ২০২৮ বিজ্ঞান বিভাগ,,,
,English,SSC 28 রেকর্ডেড ব্যাচ - বিজ্ঞান বিভাগ | SSC Exam Preparation,,,
Meta Description,Bangla,"SSC 28 বিজ্ঞান বিভাগের ফিজিক্স, কেমিস্ট্রি, ম্যাথ ও বায়োলজির রেকর্ডেড ক্লাস, MCQ ও CQ সলভ, ২৪/৭ AI Doubt Solver এর মাধ্যমে সেরা প্রস্তুতি নাও আমাদের সাথে।",,,
,English,"Prepare for SSC 28 Science with recorded classes on Physics, Chemistry, Math & Biology, MCQ & CQ solutions and 24/7 AI Doubt Solver. Join us and ace your exams!",,,
Image Renaming,Thumbnail,ssc-2028-science-recorded-batch-thumbnail,,,https://cdn.10minuteschool.com/images/thumbnails/ssc-28-online-batch/ssc-2028-science-recorded-batch-thumbnail.jpg
,Sqr. Thumbnail,ssc-2028-science-recorded-batch-sqr-thumbnail,,,https://cdn.10minuteschool.com/images/thumbnails/ssc-28-online-batch/ssc-2028-science-recorded-batch-sqr-thumbnail.jpg
Image Alt Text,Thumbnail alt text,SSC 2028 Science Recorded Batch | এসএসসি ২০২৮ বিজ্ঞান বিভাগ - thumbnail,,,
,Sqr. Thumbnail,SSC 28 রেকর্ডেড ব্যাচ - বিজ্ঞান বিভাগ | SSC 2028 Exam Preparation - sqr thumbnail,,,
Og: Title,,"SSC 2028 রেকর্ডেড ব্যাচ - বিজ্ঞান বিভাগ
",,,
Og: description,,"SSC 28 বিজ্ঞান বিভাগের ৪ টি বিষয়- ফিজিক্স, কেমিস্ট্রি, ম্যাথ ও বায়োলজির জন্য সেরা প্রস্তুতি নিয়ে আজই ভর্তি হওয়ে যাও আমাদের এই রেকর্ডেড ব্যাচে।",,,
,,,,,
Final Course Name,SSC 28 অনলাইন ব্যাচ - আইসিটি,,,,
Url Suggestion,,ssc-28-ict-online-batch,,,
Meta Title,Bangla,SSC 28 ICT অনলাইন ব্যাচ | এসএসসি ২৮ অনলাইন ব্যাচ - সকল বিভাগ,,,
,English,"SSC 28 ICT Online Batch - Science, Business Studies and Arts",,,
Meta Description,Bangla,"এক কোর্সে পুরো বছরের SSC 28 ICT সিলেবাস! লাইভ ও রেকর্ডেড ক্লাস, MCQ এক্সাম, ২৪/৭ AI Doubt Solver ও পরীক্ষার স্পেশাল সাপোর্ট নিয়ে সেরা প্রস্তুতি নাও আমাদের সাথে।",,,
,English,"Complete your full-year SSC 28 ICT syllabus in one course! Live & recorded classes, MCQ exams, 24/7 AI Doubt Solver, and special exam support for your best preparation.",,,
Image Renaming,Thumbnail,ssc-28-ict-online-batch-thumbnail,,,https://cdn.10minuteschool.com/images/thumbnails/ssc-28-online-batch/ssc-28-ict-online-batch-thumbnail.jpg
,Sqr. Thumbnail,ssc-28-ict-online-batch-sqr-thumbnail,,,https://cdn.10minuteschool.com/images/thumbnails/ssc-28-online-batch/ssc-28-ict-online-batch-sqr-thumbnail.jpg
Image Alt Text,Thumbnail alt text,SSC 2028 ICT অনলাইন ব্যাচ | এসএসসি ২০২৮ অনলাইন ব্যাচ - সকল বিভাগ - thumbnail,,,
,Sqr. Thumbnail,"SSC 2028 ICT Online Batch - Science, Business Studies and Arts - sqr thumbnail",,,
Og: Title,,SSC 28 ICT অনলাইন ব্যাচ,,,
Og: description,,"এক কোর্সে পুরো বছরের SSC 28 ICT এর জন্য সেরা প্রস্তুতি নিতে আজই ভর্তি হয়ে যাও আমাদের SSC 28 ICT অনলাইন ব্যাচে।
",,,
,,,,,
,,,,,
Final Course Name,SSC 28 অনলাইন ব্যাচ - ইংরেজি,,,,
Url Suggestion,,ssc-28-english-online-batch,,,
Meta Title,Bangla,SSC 28 English অনলাইন ব্যাচ | এসএসসি ২৮ - সকল বিভাগ,,,
,English,"SSC 28 English Online Batch - Science, Business Studies, Arts",,,
Meta Description,Bangla,"এক কোর্সে পুরো বছরের SSC 28 English সিলেবাস! লাইভ ও রেকর্ডেড ক্লাস, MCQ এক্সাম, ২৪/৭ AI Doubt Solver ও পরীক্ষার স্পেশাল সাপোর্ট নিয়ে সেরা প্রস্তুতি নাও আমাদের সাথে।",,,
,English,"Complete your full-year SSC 28 English syllabus in one course! Live & recorded classes, MCQ exams, 24/7 AI Doubt Solver, and special exam support for your best preparation.",,,
Image Renaming,Thumbnail,ssc-28-english-online-batch-thumbnail,,,"https://cdn.10minuteschool.com/images/thumbnails/ssc-28-online-batch/ssc-28-english-online-batch-thumbnail.jpg
"
,Sqr. Thumbnail,ssc-28-english-online-batch-sqr-thumbnail,,,"https://cdn.10minuteschool.com/images/thumbnails/ssc-28-online-batch/ssc-28-english-online-batch-sqr-thumbnail.jpg
"
Image Alt Text,Thumbnail alt text,SSC 2028 English অনলাইন ব্যাচ | এসএসসি ২০২৮ অনলাইন ব্যাচ - সকল বিভাগ - thumbnail,,,
,Sqr. Thumbnail,"SSC 2028 English Online Batch - Science, Business Studies and Arts - sqr thumbnail",,,
Og: Title,,SSC 28 English অনলাইন ব্যাচ ,,,
Og: description,,এক কোর্সে পুরো বছরের SSC 28 English এর জন্য সেরা প্রস্তুতি নিতে আজই ভর্তি হয়ে যাও আমাদের SSC 28 English অনলাইন ব্যাচে।,,,
,,,,,
,,,,,
Final Course Name,SSC 28 অনলাইন ব্যাচ - বাংলা,,,,
Url Suggestion,,ssc-28-bangla-online-batch,,,
Meta Title,Bangla,SSC 28 Bangla অনলাইন ব্যাচ | এসএসসি ২৮ - সকল বিভাগ,,,
,English,"SSC 28 Bangla Online Batch - Science, Business Studies, Arts",,,
Meta Description,Bangla,"এক কোর্সে পুরো বছরের SSC 28 Bangla সিলেবাস! লাইভ ও রেকর্ডেড ক্লাস, MCQ এক্সাম, ২৪/৭ AI Doubt Solver ও পরীক্ষার স্পেশাল সাপোর্ট নিয়ে সেরা প্রস্তুতি নাও আমাদের সাথে।",,,
,English,"Complete your full-year SSC 28 Bangla syllabus in one course! Live & recorded classes, MCQ exams, 24/7 AI Doubt Solver, and special exam support for your best preparation.",,,
Image Renaming,Thumbnail,ssc-28-bangla-online-batch-thumbnail,,,https://cdn.10minuteschool.com/images/thumbnails/ssc-28-online-batch/ssc-28-bangla-online-batch-thumbnail.jpg
,Sqr. Thumbnail,ssc-28-bangla-online-batch-sqr-thumbnail,,,https://cdn.10minuteschool.com/images/thumbnails/ssc-28-online-batch/ssc-28-bangla-online-batch-sqr-thumbnail.jpg
Image Alt Text,Thumbnail alt text,SSC 2028 Bangla অনলাইন ব্যাচ | এসএসসি ২০২৮ অনলাইন ব্যাচ - সকল বিভাগ - thumbnail,,,
,Sqr. Thumbnail,"SSC 2028 Bangla Online Batch - Science, Business Studies and Arts - sqr thumbnail",,,
Og: Title,,SSC 28 Bangla অনলাইন ব্যাচ,,,
Og: description,,"এক কোর্সে পুরো বছরের SSC 28 Bangla এর জন্য সেরা প্রস্তুতি নিতে আজই ভর্তি হয়ে যাও আমাদের SSC 28 Bangla অনলাইন ব্যাচে।
",,,
,,,,,
Final Course Name,SSC 28 অনলাইন ব্যাচ - বিজ্ঞান,,,,
Url Suggestion,,ssc-28-science-online-batch,,,
Meta Title,Bangla,SSC 28 Science অনলাইন ব্যাচ | এসএসসি ২০২৮,,,
,English,SSC 2028 Science Online Batch,,,
Meta Description,Bangla,"এক কোর্সে পুরো বছরের SSC 28 Science সিলেবাস! লাইভ ও রেকর্ডেড ক্লাস, MCQ এক্সাম, ২৪/৭ AI Doubt Solver ও পরীক্ষার স্পেশাল সাপোর্ট নিয়ে সেরা প্রস্তুতি নাও আমাদের সাথে।",,,
,English,"Complete your full-year SSC 28 Science syllabus in one course! Live & recorded classes, MCQ exams, 24/7 AI Doubt Solver, and special exam support for your best preparation.",,,
Image Renaming,Thumbnail,class-9-science-online-batch-2026-thumbnail,,,https://cdn.10minuteschool.com/images/thumbnails/ssc-28-online-batch/ssc-28-science-online-batch-thumbnail.jpg
,Sqr. Thumbnail,class-9-science-online-batch-2026-sqr-thumbnail,,,https://cdn.10minuteschool.com/images/thumbnails/ssc-28-online-batch/ssc-28-science-online-batch-sqr-thumbnail.jpg
Image Alt Text,Thumbnail alt text,SSC 2028 Science অনলাইন ব্যাচ | এসএসসি ২০২৮ অনলাইন ব্যাচ - thumbnail,,,
,Sqr. Thumbnail,SSC 2028 Science Online Batch - sqr thumbnail,,,
Og: Title,,SSC 28 Science অনলাইন ব্যাচ,,,
Og: description,,এক কোর্সে পুরো বছরের SSC 28 Science এর জন্য সেরা প্রস্তুতি নিতে আজই ভর্তি হয়ে যাও আমাদের SSC 28 Science অনলাইন ব্যাচে।,,,
,,,,,
Final Course Name,SSC 28 অনলাইন ব্যাচ - গণিত,,,,
Url Suggestion,,ssc-28-math-online-batch,,,
Meta Title,Bangla,SSC 28 General Math অনলাইন ব্যাচ | SSC 28 Math,,,
,English,SSC 2028 General Math Batch,,,
Meta Description,Bangla,"এক কোর্সে পুরো বছরের SSC 28 General Math সিলেবাস! লাইভ ও রেকর্ডেড ক্লাস, MCQ এক্সাম, ২৪/৭ AI Doubt Solver ও পরীক্ষার স্পেশাল সাপোর্ট নিয়ে সেরা প্রস্তুতি নাও আমাদের সাথে।",,,
,English,"Complete your full-year SSC 28 General Math syllabus in one course! Live & recorded classes, MCQ exams, 24/7 AI Doubt Solver, and special exam support for your best preparation.",,,
Image Renaming,Thumbnail,class-9-general-math-online-batch-2026-thumbnail,,,https://cdn.10minuteschool.com/images/thumbnails/ssc-28-online-batch/ssc-28-general-math-online-batch-thumbnail.jpg
,Sqr. Thumbnail,class-9-general-math-online-batch-2026-sqr-thumbnail,,,https://cdn.10minuteschool.com/images/thumbnails/ssc-28-online-batch/ssc-28-general-math-online-batch-sqr-thumbnail.jpg
Image Alt Text,Thumbnail alt text,SSC 2028 General Math অনলাইন ব্যাচ | এসএসসি ২০২৮ বিজ্ঞান বিভাগ অনলাইন ব্যাচ - thumbnail,,,
,Sqr. Thumbnail,SSC 2028 General Math Online Batch | SSC 28 Science Group - sqr thumbnail,,,
Og: Title,,SSC 28 General Math অনলাইন ব্যাচ,,,
Og: description,,এক কোর্সে পুরো বছরের SSC 28 General Math এর জন্য সেরা প্রস্তুতি নিতে আজই ভর্তি হয়ে যাও আমাদের SSC 28 General Math অনলাইন ব্যাচে।,,,
,,,,,
Final Course Name,,ষষ্ঠ শ্রেণি - অনলাইন ব্যাচ ২০২৬,,,
Course URL/ Slug,,class-6-online-batch-2026,,,
Meta Title,Bangla,ষষ্ঠ শ্রেণি অনলাইন ব্যাচ ২০২৬ | Class 6 Online Batch 2026,,,
,English,Class 6 Online Batch 26 - Full Syllabus and Exam Preparation,,,
Meta Description,Bangla,ষষ্ঠ শ্রেণির পুরো বছরের সিলেবাস কভার করার পাশাপাশি সেরা ইন্সট্রাক্টরদের সাথে পরীক্ষার জন্য সেরা প্রস্তুতি নিতে জয়েন করে ফেলো ৬ষ্ঠ শ্রেণি- অনলাইন ব্যাচ ২০২৬-এ।,,,
,English,Join the Class 6 Online Batch 2026 to get the best exam preparation with the best instructors while covering the entire year's syllabus for class six.,,,
Image Alt Text,Thumbnail,৬ষ্ঠ শ্রেণি অনলাইন ব্যাচ ২৬ | Class 6 Online Batch 2026 - thumbnail image,,,
,Sqr. Thumbnail,Class 6 Online Batch 26 - Full Syllabus and Exam Preparation - sqr. thumbnail image,,,
Image Renaming,Thumbnail,class-6-online-batch-2026-thumbnail-image,,,
,Sqr. Thumbnail,class-6-online-batch-26-sqr-thumbnail-image,,,
og:title,,৬ষ্ঠ শ্রেণি অনলাইন ব্যাচ ২০২৬,,,
og:description,,ষষ্ঠ শ্রেণির পুরো বছরের সিলেবাস এবং পরীক্ষার জন্য সেরা প্রস্তুতি নিতে আজই জয়েন করে ফেলো ৬ষ্ঠ শ্রেণি- অনলাইন ব্যাচ ২০২৬-এ।,,,
,,,,,
Final Course Name,,৮ম শ্রেণি- অনলাইন ব্যাচ ২০২৬,,,
,English,Join the Class 8 Online Batch 2026 to get the best exam preparation with the best instructors while covering the entire year's syllabus for class eight.,,,
Image Alt Text,Thumbnail,অষ্টম শ্রেণি অনলাইন ব্যাচ ২৬ | Class 8 Online Batch 2026 - thumbnail image,,,
,Sqr. Thumbnail,Class 8 Online Batch 26 - Full Syllabus and Exam Preparation - sqr. thumbnail image,,,
Image Renaming,Thumbnail,class-8-online-batch-2026-thumbnail-image,,,
,Sqr. Thumbnail,class-8-online-batch-26-sqr-thumbnail-image,,,
og:title,,৮ম শ্রেণি অনলাইন ব্যাচ ২০২৬,,,
og:description,,অষ্টম শ্রেণির পুরো বছরের সিলেবাস এবং পরীক্ষার জন্য সেরা প্রস্তুতি নিতে আজই জয়েন করে ফেলো ৮ম শ্রেণি- অনলাইন ব্যাচ ২০২৬-এ।,,,
,,,,,
,,,,,
,,,,,
Final Course Name,,"HSC 27 অনলাইন ব্যাচ ২.০ (বাংলা, ইংরেজি, তথ্য ও যোগাযোগ প্রযুক্তি)",,,
Course URL/ Slug,,hsc-27-online-batch-2-bangla-english-ict,,,
Meta Title,Bangla,"HSC 2027 অনলাইন ব্যাচ ২.০ - বাংলা, ইংরেজি ও ICT | এইচএসসি ২৭",,,
,English,"HSC 27 Online Batch 2.0 for All Groups (Bangla, English, ICT)",,,
Meta Description,Bangla,"HSC 27 পরীক্ষার জন্য বাংলা, ইংরেজি ও ICT বিষয়ে CQ ও MCQ এর ১০০ তে ১০০ প্রস্তুতি নিতে আজই এনরোল করো HSC 27 অনলাইন ব্যাচ ২.০ (Bangla, English, ICT) কোর্সে।",,,
,English,"Enroll today in the HSC 27 Online Batch 2.0 (Bangla, English & ICT) course to take 100/100 preparation in both CQ & MCQ for the HSC 2027 exams (all group).",,,
Image Alt Text,Thumbnail,"HSC 2027 Online Batch 2.0 - Bangla, English and ICT | HSC 27 অনলাইন ব্যাচ ২.০ (বাংলা, ইংরেজি, ICT) - thumbnail",,,
,Squre thumbnail,"HSC 27 Online Batch 2.0 - Bangla, English and ICT | HSC 2027 অনলাইন ব্যাচ ২.০ (বাংলা, ইংরেজি, ICT) - sqr. thumbnail",,,
Image Renaming,Thumbnail,hsc-27-online-batch-2-bangla-english-ict-thumbnail,,,
,Squre thumbnail,hsc-27-online-batch-2-bangla-english-ict-online-batch-sqr-thumbnail,,,
og:title,,"HSC 27 অনলাইন ব্যাচ ২.০ (বাংলা, ইংরেজি ও ICT)",,,
og:description,,২০২৭ সালের  সকল বিভাগের এইচএসসি পরীক্ষার্থীদের জন্য CQ ও MCQ তে সেরা প্রস্তুতি নিশ্চিত করতে টেন মিনিট স্কুল নিয়ে এসেছে HSC 2027 অনলাইন ব্যাচ ২.০!,,,
,,,,,
,,,,,
Final Course Name,N/A,HSC 27 অনলাইন ব্যাচ - বাংলা ২.০,,,
Course URL/ Slug,,hsc-27-bangla-online-batch-2,,,
Meta Title,Bangla,HSC 27 বাংলা অনলাইন ব্যাচ ২.০ | HSC 27 Bangla 1st & 2nd Paper,,,
,English,"HSC 27 Bangla Online Batch 2.0 for Science, Commerce, Arts",,,
Meta Description,Bangla,HSC 27 পরীক্ষার জন্য বাংলা ১ম ও ২য় পত্রের CQ ও MCQ এর ১০০ তে ১০০ প্রস্তুতি নিতে আজই এনরোল করো HSC 27 বাংলা অনলাইন ব্যাচ ২.০-এ।,,,
,English,Enroll in HSC 27 Bangla Online Batch 2.0 to take the best preparation in both CQ and MCQ for Bangla 1st & 2nd Paper in the HSC 27 exam.,,,
Image Alt Text,Thumbnail,HSC 2027 Bangla Online Batch 2.0 - Bangla 1st and 2nd paper | HSC 27 বাংলা অনলাইন ব্যাচ ২.০ - বাংলা ১ম ও ২য় পত্র - thumbnail,,,
,Squre thumbnail,HSC 27 Bangla Online Batch 2.0 | এইচএসসি ২৭ বাংলা | HSC 2027 বাংলা অনলাইন ব্যাচ ২.০ | বাংলা ১ম ও ২য় পত্র - sqr. thumbnail,,,
Image Renaming,Thumbnail,hsc-27-online-batch-2-bangla-thumbnail,,,
,Squre thumbnail,hsc-27-online-batch-2-bangla-sqr-thumbnail,,,
og:title,,HSC 27 বাংলা অনলাইন ব্যাচ ২.০,,,
og:description,,HSC 27 পরীক্ষার জন্য বাংলা ১ম ও ২য় পত্রের CQ ও MCQ এর সেরা প্রস্তুতি নিতে আজই এনরোল করো HSC 27 বাংলা অনলাইন ব্যাচ ২.০-এ।,,,
,,,,,
Final Course Name,N/A,HSC 27 অনলাইন ব্যাচ - ইংরেজি ২.০,,,
Course URL/ Slug,,hsc-27-english-online-batch-2,,,
Meta Title,Bangla,HSC 27 ইংরেজি অনলাইন ব্যাচ ২.০ | HSC 27 English 1st & 2nd Paper,,,
,English,"HSC 27 English Online Batch 2.0 for Science, Commerce, Arts",,,
Meta Description,Bangla,HSC 27 পরীক্ষার জন্য ইংরেজি ১ম ও ২য় পত্রের CQ ও MCQ এর ১০০ তে ১০০ প্রস্তুতি নিতে আজই এনরোল করো HSC 27 ইংরেজি অনলাইন ব্যাচ ২.০-এ।,,,
,English,Enroll in HSC 27 English Online Batch 2.0 to take the best preparation in both CQ and MCQ for English 1st & 2nd Paper in the HSC 27 exam.,,,
Image Alt Text,Thumbnail,HSC 2027 English Online Batch 2.0 - English 1st and 2nd paper | HSC 27 ইংরেজি অনলাইন ব্যাচ ২.০ - ইংরেজি ১ম ও ২য় পত্র - thumbnail,,,
,Squre thumbnail,HSC 27 English Online Batch 2.0 | এইচএসসি ২৭ ইংরেজি | HSC 2027 ইংরেজি অনলাইন ব্যাচ ২.০ | ইংরেজি ১ম ও ২য় পত্র - sqr. thumbnail,,,
Image Renaming,Thumbnail,hsc-27-online-batch-2-english-thumbnail,,,
,Squre thumbnail,hsc-27-online-batch-2-english-sqr-thumbnail,,,
og:title,,HSC 27 ইংরেজি অনলাইন ব্যাচ ২.০,,,
og:description,,HSC 27 পরীক্ষার জন্য ইংরেজি ১ম ও ২য় পত্রের CQ ও MCQ এর সেরা প্রস্তুতি নিতে আজই এনরোল করো HSC 27 ইংরেজি অনলাইন ব্যাচ ২.০-এ।,,,
,,,,,
Final Course Name,N/A,HSC 27 অনলাইন ব্যাচ - ICT 2.0,,,
Course URL/ Slug,,hsc-27-ict-online-batch-2,,,
Meta Title,Bangla,HSC 27 ICT অনলাইন ব্যাচ ২.০ | HSC 2027 ICT,,,
,English,"HSC 27 ICT Online Batch 2.0 for Science, Commerce, Arts",,,
Meta Description,Bangla,HSC 27 পরীক্ষার জন্য ICT তে CQ ও MCQ এর ১০০ তে ১০০ প্রস্তুতি নিতে আজই এনরোল করো HSC 27 ICT অনলাইন ব্যাচ ২.০-এ।,,,
,English,Enroll in HSC 27 ICT Online Batch 2.0 to take the best preparation in both CQ and MCQ for English 1st & 2nd Paper in the HSC 27 exam.,,,
Image Alt Text,Thumbnail,HSC 2027 ICT Online Batch 2.0 - ICT 1st and 2nd paper | HSC 27 ICT অনলাইন ব্যাচ ২.০ - thumbnail,,,
,Squre thumbnail,HSC 27 ICT Online Batch 2.0 | এইচএসসি ২৭ ICT | HSC 2027 ICT অনলাইন ব্যাচ ২.০ - sqr. thumbnail,,,
Image Renaming,Thumbnail,hsc-27-online-batch-2-ict-thumbnail,,,
,Squre thumbnail,hsc-27-online-batch-2-ict-sqr-thumbnail,,,
og:title,,HSC 27 ICT অনলাইন ব্যাচ ২.০,,,
og:description,,HSC 27 পরীক্ষার জন্য ICT তে CQ ও MCQ এর সেরা প্রস্তুতি নিতে আজই এনরোল করো HSC 27 ICT অনলাইন ব্যাচ ২.০-এ।,,,
,,,,,
,,,,,
Final Course Name,N/A,HSC 27 অনলাইন ব্যাচ (ম্যানেজমেন্ট ও মার্কেটিং),,,
Course URL/ Slug,,hsc-27-management-and-marketing-online-batch-2,,,
Meta Title,Bangla,HSC 2027 Management and Marketing Online Batch 2.0,,,
,English,Best HSC 27 Management and Marketing Online Batch  2.0,,,
Meta Description,Bangla,২০২৭ সালের HSC পরীক্ষায় ম্যানেজমেন্ট ও মার্কেটিং এর CQ ও MCQ তে সেরা প্রস্তুতি নিশ্চিত করতে আজই এনরোল করো HSC 27 ম্যানেজমেন্ট ও মার্কেটিং অনলাইন ব্যাচ ২.০ -এ!,,,
,English,Enroll today in the HSC 27 Management & Marketing Online Batch 2.0 to ensure the best CQ and MCQ preparation for the 2027 HSC exam.,,,
Image Alt Text,Thumbnail,HSC 2027 Management & Marketing Online Batch 2.0 | HSC 27 ম্যানেজমেন্ট ও মার্কেটিং অনলাইন ব্যাচ ২.০ - thumbnail,,,
,Squre thumbnail,HSC 27 Management & Marketing Online Batch 2.0 | এইচএসসি ২৭ ম্যানেজমেন্ট ও মার্কেটিং অনলাইন ব্যাচ ২.০ - sqr thumbnail,,,
Image Renaming,Thumbnail,hsc-27-management-and-marketing-online-batch-2-thumbnail,,,
,Squre thumbnail,hsc-27-management-and-marketing-online-batch-2-sqr-thumbnail,,,
og:title,,HSC 27 ম্যানেজমেন্ট ও মার্কেটিং অনলাইন ব্যাচ ২.০,,,
og:description,,ব্যবসায় শিক্ষা বিভাগের HSC 27 পরীক্ষার্থীদের ম্যানেজমেন্ট ও মার্কেটিং এ সেরা প্রস্তুতি নিশ্চিত করতে জয়েন করো HSC 2027 ম্যানেজমেন্ট ও মার্কেটিং অনলাইন ব্যাচ ২.০ -এ!,,,
,,,,,
,,,,,
Final Course Name,N/A,HSC 27 অনলাইন ব্যাচ - মার্কেটিং,,,
Meta Title,Bangla,HSC 27 মার্কেটিং অনলাইন ব্যাচ | HSC 27 Marketing,,,
,English,HSC 27 Marketing Online Batch for Commerce,,,
Meta Description,Bangla,HSC 27 পরীক্ষার জন্য মার্কেটিং ১ম ও ২য় পত্রের CQ ও MCQ এর ১০০ তে ১০০ প্রস্তুতি নিতে আজই এনরোল করো HSC 27 মার্কেটিং অনলাইন ব্যাচে।,,,
,English,Enroll in HSC 27 Marketing Online Batch to take the best preparation in both CQ and MCQ for Marketing 1st & 2nd Paper in the HSC 27 exam.,,,
Image Alt Text,Thumbnail,HSC 2027 Marketing Online Batch 2.0 - Marketing 1st and 2nd paper | HSC 27 মার্কেটিং অনলাইন ব্যাচ ২.০ - মার্কেটিং ১ম ও ২য় পত্র - thumbnail,,,
,Squre thumbnail,HSC 27 Marketing Online Batch 2.0 | এইচএসসি ২৭ মার্কেটিং | HSC 2027 মার্কেটিং অনলাইন ব্যাচ ২.০ | মার্কেটিং ১ম ও ২য় পত্র - sqr. thumbnail,,,
Image Renaming,Thumbnail,hsc-27-online-batch-2-marketing-thumbnail,,,
,Squre thumbnail,hsc-27-online-batch-2-marketing-sqr-thumbnail,,,
og:title,,HSC 27 মার্কেটিং অনলাইন ব্যাচ,,,
og:description,,HSC 27 পরীক্ষার জন্য মার্কেটিং ১ম ও ২য় পত্রের CQ ও MCQ এর সেরা প্রস্তুতি নিতে আজই এনরোল করো HSC 27 মার্কেটিং অনলাইন ব্যাচ ২.০-এ।,,,
,,,,,
,,,,,
Final Course Name,N/A,HSC 27 অনলাইন ব্যাচ (পৌরনীতি ও ইকোনমিক্স ২.০),,,
Meta Title ,Bangla,HSC 2027 Civics and Economics Online Batch,,,
,English,Best HSC 27 Civics and Economics Online Batch,,,
Meta Description,Bangla,২০২৭ সালের HSC পরীক্ষায় পৌরনীতি ও ইকোনমিক্স এর CQ ও MCQ তে সেরা প্রস্তুতি নিশ্চিত করতে আজই এনরোল করো HSC 27 পৌরনীতি ও ইকোনমিক্স অনলাইন ব্যাচ ২.০-এ!,,,
,English,Enroll today in the HSC 27 Civics and Economics Online Batch to ensure the best CQ and MCQ preparation for the 2027 HSC exam.,,,
Image Alt Text,Thumbnail,HSC 2027 Civics and Economics Online Batch 2.0 | HSC 27 পৌরনীতি ও ইকোনমিক্স অনলাইন ব্যাচ ২.০ - thumbnail,,,
,Squre thumbnail,HSC 27 Civics and Economics Online Batch 2.0 | এইচএসসি ২৭ পৌরনীতি ও ইকোনমিক্স অনলাইন ব্যাচ ২.০ - sqr thumbnail,,,
Image Renaming,Thumbnail,hsc-27-civics-and-economics-online-batch-2-thumbnail,,,
,Squre thumbnail,hsc-27-civics-and-economics-online-batch-2-sqr-thumbnail,,,
og:title,,HSC 27 পৌরনীতি ও ইকোনমিক্স অনলাইন ব্যাচ ২.০,,,
og:description,,মানবিক বিভাগের HSC 27 পরীক্ষার্থীদের পৌরনীতি ও ইকোনমিক্স এ সেরা প্রস্তুতি নিশ্চিত করতে জয়েন করো HSC 2027 পৌরনীতি ও ইকোনমিক্স অনলাইন ব্যাচ ২.০-এ!,,,
,,,,,
Final Course Name,N/A,HSC 27 অনলাইন ব্যাচ - ইকোনমিক্স ২.০,,,
Meta Title ,Bangla,HSC 27 ইকোনমিক্স অনলাইন ব্যাচ ২.০ | HSC 27 Economics,,,
,English,HSC 27 Economics Online Batch 2.0 for Humanities,,,
Meta Description,Bangla,HSC 27 পরীক্ষার জন্য ইকোনমিক্স ১ম ও ২য় পত্রের CQ ও MCQ এর ১০০ তে ১০০ প্রস্তুতি নিতে আজই এনরোল করো HSC 27 ইকোনমিক্স অনলাইন ব্যাচ ২.০-এ।,,,
,English,Enroll in HSC 27 Economics Online Batch 2.0 to take the best preparation in both CQ and MCQ for Economics 1st & 2nd Paper in the HSC 27 exam.,,,
Image Alt Text,Thumbnail,HSC 2027 Economics Online Batch 2.0 - Economics 1st and 2nd paper | HSC 27 ইকোনমিক্স অনলাইন ব্যাচ ২.০ - ইকোনমিক্স ১ম ও ২য় পত্র - thumbnail,,,
,Squre thumbnail,HSC 27 Economics Online Batch 2.0 | এইচএসসি ২৭ ইকোনমিক্স | HSC 2027 ইকোনমিক্স অনলাইন ব্যাচ ২.০ | ইকোনমিক্স ১ম ও ২য় পত্র - sqr. thumbnail,,,
Image Renaming,Thumbnail,hsc-27-online-batch-2-economics-thumbnail,,,
,Squre thumbnail,hsc-27-online-batch-2-economics-sqr-thumbnail,,,
og:title,,HSC 27 ইকোনমিক্স অনলাইন ব্যাচ ২.০,,,
og:description,,HSC 27 পরীক্ষার জন্য ইকোনমিক্স ১ম ও ২য় পত্রের CQ ও MCQ এর সেরা প্রস্তুতি নিতে আজই এনরোল করো HSC 27 ইকোনমিক্স অনলাইন ব্যাচ ২.০-এ।,,,
,,,,,
,,,,,
Final Course Name,N/A,HSC 27 অনলাইন ব্যাচ - পৌরনীতি,,,
Meta Title ,Bangla,HSC 27 পৌরনীতি অনলাইন ব্যাচ ২.০ | HSC 27 Civics,,,
,English,HSC 27 Civics Online Batch 2.0 for Humanities,,,
Meta Description,Bangla,HSC 27 পরীক্ষার জন্য পৌরনীতি ১ম ও ২য় পত্রের CQ ও MCQ এর ১০০ তে ১০০ প্রস্তুতি নিতে আজই এনরোল করো HSC 27 পৌরনীতি অনলাইন ব্যাচ ২.০-এ।,,,
,English,Enroll in HSC 27 Civics Online Batch 2.0 to take the best preparation in both CQ and MCQ for Civics 1st & 2nd Paper in the HSC 27 exam.,,,
Image Alt Text,Thumbnail,HSC 2027 Civics Online Batch 2.0 - Civics 1st and 2nd paper | HSC 27 পৌরনীতি অনলাইন ব্যাচ ২.০ - পৌরনীতি ১ম ও ২য় পত্র - thumbnail,,,
,Squre thumbnail,HSC 27 Civics Online Batch 2.0 | এইচএসসি ২৭ পৌরনীতি | HSC 2027 পৌরনীতি অনলাইন ব্যাচ ২.০ | পৌরনীতি ১ম ও ২য় পত্র - sqr. thumbnail,,,
Image Renaming,Thumbnail,hsc-27-online-batch-2-civics-thumbnail,,,
,Squre thumbnail,hsc-27-online-batch-2-civics-sqr-thumbnail,,,
og:title,,HSC 27 পৌরনীতি অনলাইন ব্যাচ ২.০,,,
og:description,,HSC 27 পরীক্ষার জন্য পৌরনীতি ১ম ও ২য় পত্রের CQ ও MCQ এর সেরা প্রস্তুতি নিতে আজই এনরোল করো HSC 27 পৌরনীতি অনলাইন ব্যাচ ২.০-এ।,,,
,,,,,
,,,,,
Final Course Name,N/A,HSC 27 Recorded Batch (Science) ,,,
Course URL/ Slug,,hsc-science-super-free-course,,,
Meta Title ,Bangla,HSC 2027 Science Recorded Batch | এইচএসসি ২৭ বিজ্ঞান বিভাগ,,,
,English,HSC 27 Science Recorded Batch | HSC 27 বিজ্ঞান ব্যাচ,,,
Meta Description,Bangla,"HSC বিজ্ঞান বিভাগের ৭ টি বিষয়ের One Shot ক্লাস, নোট, MCQ Exam, বোর্ড প্রশ্ন সলভ ক্লাস ও বাংলা-ইংরেজি-ICT এর প্লে-লিস্ট সম্পূর্ণ ফ্রিতে পেতে এনরোল করো এই কোর্সে।",,,
,English,"Enroll free in this course to get One Shot classes, MCQ Exams, Board Question Solved classes & Bangla-English-ICT playlists for 7 subjects of HSC Science Group.",,,
Image Alt Text,Thumbnail,HSC 27 Science Recorded Batch | HSC বিজ্ঞান বিভাগ কোর্স - thumbnail,,,
,Squre thumbnail,HSC 27 Science Recorded Batch | এইচএসসি বিজ্ঞান বিভাগ কোর্স - sqr. thumbnail,,,
Image Renaming,Thumbnail,hsc-science-super-free-course-thumbnail,,,
,Squre thumbnail,hsc-science-super-free-course-sqr-thumbnail,,,
og:title,,HSC 27 Science Recorded Batch,,,
og:description,,"সম্পূর্ণ ফ্রিতে HSC বিজ্ঞান বিভাগের ৭ বিষয়ের One Shot ক্লাস, নোট, MCQ Exam, বোর্ড প্রশ্ন সলভ ক্লাস ও স্পেশাল প্লে-লিস্ট পেতে এনরোল করো এই কোর্সে।",,,
,,,,,
Final Course Name,N/A,HSC 27 অনলাইন ব্যাচ - বাংলা ,,,
Course URL/ Slug,,hsc-27-bangla-online-batch,,,
Meta Title ,Bangla,এইচএসসি ২০২৭ বাংলা অনলাইন ব্যাচ | HSC 27 Bangla,,,
,English,Best HSC 2027 Bangla Online Batch - Enroll Now!,,,
Meta Description,Bangla,২০২৭ সালের HSC পরীক্ষায় বাংলায় ১০০ তে ১০০ প্রস্তুতি নিশ্চিত করতে দেশসেরা শিক্ষকদের গাইডলাইনে টেন মিনিট স্কুল নিয়ে এসেছে HSC 27 বাংলা অনলাইন ব্যাচ!,,,
,English,Join 10 Minute School's HSC 2027 Bangla Online Batch to ensure the best preparation for HSC Exam 27 in Bangla subject!,,,
Image Alt Text,Thumbnail,HSC 2027 Bangla Online Batch | HSC 27 বাংলা অনলাইন ব্যাচ - thumbnail,,,
,Squre thumbnail,HSC 27 Bangla Online Batch | HSC 2027 বাংলা অনলাইন ব্যাচ - sqr. thumbnail,,,
Image Renaming,Thumbnail,hsc-27-bangla-thumbnail,,,
,Squre thumbnail,hsc-27-bangla-sqr-thumbnail,,,
og:title,,HSC 2027 বাংলা অনলাইন ব্যাচ,,,
og:description,,সকল বিভাগের HSC পরীক্ষার্থীদের বাংলায় সেরা প্রস্তুতি নিশ্চিত করতে টেন মিনিট স্কুল নিয়ে এসেছে HSC 2027 বাংলা অনলাইন ব্যাচ!,,,